Position,Const,Created,Modified,Description,Title,URL,Title Type,IMDb Rating,Runtime (mins),Year,Genres,Num Votes,Release Date,Directors,Your Rating,Date Rated
1,tt1255953,2011-10-05,2011-10-05,,Incendies,https://www.imdb.com/title/tt1255953/,movie,8.3,131,2010,"Drama, Mystery, War",148795,2010-09-03,Denis Villeneuve,9,2011-10-05
2,tt0111161,2011-10-05,2011-10-05,,The Shawshank Redemption,https://www.imdb.com/title/tt0111161/,movie,9.3,142,1994,Drama,2331655,1994-09-10,Frank Darabont,9,2011-11-01
3,tt0068646,2011-10-05,2011-10-05,,The Godfather,https://www.imdb.com/title/tt0068646/,movie,9.2,175,1972,"Crime, Drama",1611776,1972-03-14,Francis Ford Coppola,9,2011-11-01
4,tt0071562,2011-10-05,2011-10-05,,The Godfather: Part II,https://www.imdb.com/title/tt0071562/,movie,9.0,202,1974,"Crime, Drama",1124894,1974-12-12,Francis Ford Coppola,7,2011-11-01
5,tt0108052,2011-10-05,2011-10-05,,Schindler's List,https://www.imdb.com/title/tt0108052/,movie,8.9,195,1993,"Biography, Drama, History",1208546,1993-11-30,Steven Spielberg,6,2011-11-01
6,tt0468569,2011-10-05,2011-10-05,,The Dark Knight,https://www.imdb.com/title/tt0468569/,movie,9.0,152,2008,"Action, Crime, Drama, Thriller",2293160,2008-07-14,Christopher Nolan,8,2011-11-01
7,tt0167260,2011-10-05,2011-10-05,,The Lord of the Rings: The Return of the King,https://www.imdb.com/title/tt0167260/,movie,8.9,201,2003,"Action, Adventure, Drama, Fantasy",1636388,2003-12-01,Peter Jackson,8,2011-10-09
8,tt1375666,2011-10-05,2011-10-05,,Inception,https://www.imdb.com/title/tt1375666/,movie,8.8,148,2010,"Action, Adventure, Sci-Fi, Thriller",2057153,2010-07-08,Christopher Nolan,8,2018-01-19
9,tt0137523,2011-10-05,2011-10-05,,Fight Club,https://www.imdb.com/title/tt0137523/,movie,8.8,139,1999,Drama,1846743,1999-09-10,David Fincher,7,2011-11-01
10,tt0133093,2011-10-05,2011-10-05,,The Matrix,https://www.imdb.com/title/tt0133093/,movie,8.7,136,1999,"Action, Sci-Fi",1668975,1999-03-24,"Lilly Wachowski, Lana Wachowski",8,2020-06-23
11,tt0114369,2011-10-05,2011-10-05,,Se7en,https://www.imdb.com/title/tt0114369/,movie,8.6,127,1995,"Crime, Drama, Mystery, Thriller",1437943,1995-09-15,David Fincher,8,2011-10-09
12,tt0109830,2011-10-05,2011-10-05,,Forrest Gump,https://www.imdb.com/title/tt0109830/,movie,8.8,142,1994,"Drama, Romance",1800077,1994-06-23,Robert Zemeckis,7,2011-11-01
13,tt0167261,2011-10-05,2011-10-05,,The Lord of the Rings: The Two Towers,https://www.imdb.com/title/tt0167261/,movie,8.7,179,2002,"Action, Adventure, Drama, Fantasy",1479687,2002-12-05,Peter Jackson,8,2011-11-01
14,tt0209144,2011-10-05,2011-10-05,,Memento,https://www.imdb.com/title/tt0209144/,movie,8.4,113,2000,"Mystery, Thriller",1121466,2000-09-05,Christopher Nolan,8,2011-11-01
15,tt0110413,2011-10-05,2011-10-05,,Léon,https://www.imdb.com/title/tt0110413/,movie,8.5,110,1994,"Action, Crime, Drama, Thriller",1030701,1994-09-14,Luc Besson,8,2011-11-01
16,tt0120586,2011-10-05,2011-10-05,,American History X,https://www.imdb.com/title/tt0120586/,movie,8.5,119,1998,Drama,1031253,1998-07-01,Tony Kaye,7,2011-12-08
17,tt0120815,2011-10-05,2011-10-05,,Saving Private Ryan,https://www.imdb.com/title/tt0120815/,movie,8.6,169,1998,"Drama, War",1230403,1998-07-21,Steven Spielberg,7,2011-12-08
18,tt0253474,2011-10-05,2011-10-05,,The Pianist,https://www.imdb.com/title/tt0253474/,movie,8.5,150,2002,"Biography, Drama, Music, War",725976,2002-05-24,Roman Polanski,8,2011-12-08
19,tt0407887,2011-10-05,2011-10-05,,The Departed,https://www.imdb.com/title/tt0407887/,movie,8.5,151,2006,"Crime, Drama, Thriller",1184414,2006-09-26,Martin Scorsese,8,2011-12-08
20,tt0105236,2011-10-05,2011-10-05,,Reservoir Dogs,https://www.imdb.com/title/tt0105236/,movie,8.3,99,1992,"Crime, Drama, Thriller",914847,1992-01-21,Quentin Tarantino,7,2018-01-19
21,tt0120689,2011-10-05,2011-10-05,,The Green Mile,https://www.imdb.com/title/tt0120689/,movie,8.6,189,1999,"Crime, Drama, Fantasy, Mystery",1142001,1999-12-06,Frank Darabont,8,2018-10-24
22,tt0172495,2011-10-05,2011-10-05,,Gladiator,https://www.imdb.com/title/tt0172495/,movie,8.5,155,2000,"Action, Adventure, Drama",1336056,2000-05-01,Ridley Scott,8,2011-12-08
23,tt0112573,2011-10-05,2011-10-05,,Braveheart,https://www.imdb.com/title/tt0112573/,movie,8.3,178,1995,"Biography, Drama, History, War",956155,1995-05-18,Mel Gibson,8,2018-10-24
24,tt0372784,2011-10-05,2011-10-05,,Batman Begins,https://www.imdb.com/title/tt0372784/,movie,8.2,140,2005,"Action, Adventure",1303576,2005-05-31,Christopher Nolan,7,2018-01-22
25,tt0208092,2011-10-05,2011-10-05,,Snatch,https://www.imdb.com/title/tt0208092/,movie,8.3,104,2000,"Comedy, Crime",779256,2000-08-23,Guy Ritchie,8,2011-12-18
26,tt0167404,2011-10-05,2011-10-05,,The Sixth Sense,https://www.imdb.com/title/tt0167404/,movie,8.1,107,1999,"Drama, Mystery, Thriller",908870,1999-08-02,M. Night Shyamalan,5,2018-10-24
27,tt0266697,2011-10-05,2011-10-05,,Kill Bill: Vol. 1,https://www.imdb.com/title/tt0266697/,movie,8.1,111,2003,"Action, Crime, Drama, Thriller",996694,2003-09-29,Quentin Tarantino,9,2018-01-19
28,tt0469494,2011-10-05,2011-10-05,,There Will Be Blood,https://www.imdb.com/title/tt0469494/,movie,8.2,158,2007,Drama,514881,2007-09-27,Paul Thomas Anderson,8,2018-10-24
29,tt1305806,2011-10-05,2011-10-05,,El secreto de sus ojos,https://www.imdb.com/title/tt1305806/,movie,8.2,129,2009,"Drama, Mystery, Romance, Thriller",192275,2009-08-13,Juan José Campanella,5,2018-10-24
30,tt0440963,2011-10-05,2011-10-05,,The Bourne Ultimatum,https://www.imdb.com/title/tt0440963/,movie,8.0,115,2007,"Action, Mystery, Thriller",603598,2007-07-25,Paul Greengrass,6,2018-10-24
31,tt0434409,2011-10-05,2011-10-05,,V for Vendetta,https://www.imdb.com/title/tt0434409/,movie,8.2,132,2005,"Action, Drama, Sci-Fi, Thriller",1029360,2005-12-11,James McTeigue,7,2018-10-24
32,tt0382932,2011-10-05,2011-10-05,,Ratatouille,https://www.imdb.com/title/tt0382932/,movie,8.0,111,2007,"Animation, Adventure, Comedy, Family, Fantasy",638787,2007-06-22,"Brad Bird, Jan Pinkava",6,2018-10-24
33,tt0499549,2011-10-05,2011-10-05,,Avatar,https://www.imdb.com/title/tt0499549/,movie,7.8,162,2009,"Action, Adventure, Fantasy, Sci-Fi",1116136,2009-12-10,James Cameron,8,2018-01-22
34,tt0317705,2011-10-05,2011-10-05,,The Incredibles,https://www.imdb.com/title/tt0317705/,movie,8.0,115,2004,"Animation, Action, Adventure, Family",654880,2004-10-27,Brad Bird,6,2018-10-24
35,tt0327056,2011-10-05,2011-10-05,,Mystic River,https://www.imdb.com/title/tt0327056/,movie,7.9,138,2003,"Crime, Drama, Mystery, Thriller",418054,2003-05-23,Clint Eastwood,6,2018-10-24
36,tt0206634,2011-10-05,2011-10-05,,Children of Men,https://www.imdb.com/title/tt0206634/,movie,7.9,109,2006,"Adventure, Drama, Sci-Fi, Thriller",463903,2006-09-03,Alfonso Cuarón,6,2018-10-24
37,tt0378194,2011-10-05,2011-10-05,,Kill Bill: Vol. 2,https://www.imdb.com/title/tt0378194/,movie,8.0,137,2004,"Action, Crime, Thriller",681473,2004-04-08,Quentin Tarantino,8,2018-01-19
38,tt1130884,2011-10-05,2011-10-05,,Shutter Island,https://www.imdb.com/title/tt1130884/,movie,8.2,138,2010,"Mystery, Thriller",1123705,2010-02-13,Martin Scorsese,8,2011-12-08
39,tt1220719,2011-10-05,2011-10-05,,Yip Man,https://www.imdb.com/title/tt1220719/,movie,8.0,106,2008,"Action, Biography, Drama, History",210860,2008-12-12,Wilson Yip,8,2018-10-24
40,tt0395461,2011-10-05,2011-10-05,,Bab'Aziz,https://www.imdb.com/title/tt0395461/,movie,7.6,96,2005,Drama,3124,2005-10-08,Nacer Khemir,7,2018-01-19
41,tt1832382,2011-10-05,2011-10-05,,Jodaeiye Nader az Simin,https://www.imdb.com/title/tt1832382/,movie,8.3,123,2011,Drama,218886,2011-02-01,Asghar Farhadi,7,2018-12-29
42,tt0375611,2011-10-05,2011-10-05,,Black,https://www.imdb.com/title/tt0375611/,movie,8.2,122,2005,Drama,33278,2005-02-04,Sanjay Leela Bhansali,8,2011-10-05
43,tt0118849,2011-10-05,2011-10-05,,Bacheha-Ye aseman,https://www.imdb.com/title/tt0118849/,movie,8.3,89,1997,"Drama, Family, Sport",64856,1997-02-01,Majid Majidi,8,2018-01-19
44,tt0215750,2011-10-05,2011-10-05,,Enemy at the Gates,https://www.imdb.com/title/tt0215750/,movie,7.6,131,2001,"Drama, History, War",242927,2001-02-07,Jean-Jacques Annaud,8,2018-10-24
45,tt1542344,2011-10-08,2011-10-08,,127 Hours,https://www.imdb.com/title/tt1542344/,movie,7.5,94,2010,"Biography, Drama",346966,2010-09-04,Danny Boyle,8,2018-10-24
46,tt0144117,2011-10-08,2011-10-08,,The Boondock Saints,https://www.imdb.com/title/tt0144117/,movie,7.8,108,1999,"Action, Crime, Thriller",226770,1999-08-04,Troy Duffy,7,2018-10-24
47,tt0320661,2011-10-08,2011-10-08,,Kingdom of Heaven,https://www.imdb.com/title/tt0320661/,movie,7.2,144,2005,"Action, Adventure, Drama, History, War",266434,2005-05-02,Ridley Scott,9,2018-10-24
48,tt1197624,2011-10-08,2011-10-08,,Law Abiding Citizen,https://www.imdb.com/title/tt1197624/,movie,7.4,109,2009,"Action, Crime, Drama, Thriller",270794,2009-09-23,F. Gary Gray,7,2018-10-24
49,tt0074896,2011-10-08,2011-10-08,,The Message,https://www.imdb.com/title/tt0074896/,movie,8.2,177,1976,"Biography, Drama, History, War",43759,1976-07-30,Moustapha Akkad,8,2012-04-02
50,tt1458175,2011-10-08,2011-10-08,,The Next Three Days,https://www.imdb.com/title/tt1458175/,movie,7.4,133,2010,"Action, Crime, Drama, Romance, Thriller",182024,2010-11-09,Paul Haggis,6,2018-01-19
51,tt1037705,2011-10-08,2011-10-08,,The Book of Eli,https://www.imdb.com/title/tt1037705/,movie,6.9,118,2010,"Action, Adventure, Drama, Thriller",292657,2010-01-11,"Allen Hughes, Albert Hughes",7,2011-10-09
52,tt0807956,2011-10-31,2011-10-31,,Occupation 101,https://www.imdb.com/title/tt0807956/,movie,8.3,90,2006,Documentary,1731,2006-03-25,"Abdallah Omeish, Sufyan Omeish",7,2011-11-01
53,tt0361748,2011-11-01,2011-11-01,,Inglourious Basterds,https://www.imdb.com/title/tt0361748/,movie,8.3,153,2009,"Adventure, Drama, War",1261202,2009-05-20,Quentin Tarantino,8,2018-01-19
54,tt1073241,2011-11-15,2011-11-15,,Nothing But the Truth,https://www.imdb.com/title/tt1073241/,movie,7.2,108,2008,"Crime, Drama, Mystery, Thriller",36081,2008-09-08,Rod Lurie,7,2012-02-16
55,tt1213648,2011-11-21,2011-11-21,,London Boulevard,https://www.imdb.com/title/tt1213648/,movie,6.2,103,2010,"Crime, Drama",46444,2010-11-26,William Monahan,7,2018-10-24
56,tt0078841,2011-12-08,2011-12-08,,Being There,https://www.imdb.com/title/tt0078841/,movie,8.0,130,1979,"Comedy, Drama",65403,1979-12-20,Hal Ashby,7,2011-12-18
57,tt0099871,2011-12-08,2011-12-08,,Jacob's Ladder,https://www.imdb.com/title/tt0099871/,movie,7.5,113,1990,"Drama, Horror, Mystery",98505,1990-10-29,Adrian Lyne,8,2011-12-08
58,tt0107048,2011-12-08,2011-12-08,,Groundhog Day,https://www.imdb.com/title/tt0107048/,movie,8.0,101,1993,"Comedy, Fantasy, Romance",576753,1993-02-04,Harold Ramis,8,2011-12-08
59,tt0052600,2011-12-13,2011-12-13,,Ballada o soldate,https://www.imdb.com/title/tt0052600/,movie,8.2,88,1959,"Drama, Romance, War",9481,1959-12-01,Grigoriy Chukhray,8,2011-12-18
60,tt0945513,2011-12-18,2011-12-18,,Source Code,https://www.imdb.com/title/tt0945513/,movie,7.5,93,2011,"Action, Drama, Mystery, Sci-Fi, Thriller",483347,2011-03-11,Duncan Jones,7,2011-12-18
61,tt1515091,2011-12-18,2011-12-18,,Sherlock Holmes: A Game of Shadows,https://www.imdb.com/title/tt1515091/,movie,7.5,129,2011,"Action, Adventure, Mystery",419740,2011-12-10,Guy Ritchie,6,2018-01-19
62,tt0988045,2011-12-18,2011-12-18,,Sherlock Holmes,https://www.imdb.com/title/tt0988045/,movie,7.6,128,2009,"Action, Adventure, Mystery",581544,2009-12-14,Guy Ritchie,8,2011-12-18
63,tt0191043,2012-01-01,2012-01-01,,Rang-e khoda,https://www.imdb.com/title/tt0191043/,movie,8.2,90,1999,"Drama, Family",15693,1999-02-08,Majid Majidi,8,2012-02-16
64,tt1190080,2012-01-01,2012-01-01,,2012,https://www.imdb.com/title/tt1190080/,movie,5.8,158,2009,"Action, Adventure, Sci-Fi",352263,2009-11-11,Roland Emmerich,7,2018-10-24
65,tt0986263,2012-01-08,2012-01-08,,Surrogates,https://www.imdb.com/title/tt0986263/,movie,6.3,89,2009,"Action, Sci-Fi, Thriller",168615,2009-09-24,Jonathan Mostow,7,2018-10-24
66,tt0086250,2012-01-08,2012-01-08,,Scarface,https://www.imdb.com/title/tt0086250/,movie,8.3,170,1983,"Crime, Drama",737677,1983-12-01,Brian De Palma,8,2012-01-08
67,tt0424227,2012-01-14,2012-01-14,,Lakposhtha parvaz mikonand,https://www.imdb.com/title/tt0424227/,movie,8.1,98,2004,"Drama, War",17932,2004-09-10,Bahman Ghobadi,8,2012-01-14
68,tt0988108,2012-01-14,2012-01-14,,Klass,https://www.imdb.com/title/tt0988108/,movie,7.9,99,2007,Drama,14297,2007-03-16,Ilmar Raag,7,2012-01-14
69,tt1334260,2012-01-14,2012-01-14,,Never Let Me Go,https://www.imdb.com/title/tt1334260/,movie,7.1,103,2010,"Drama, Romance, Sci-Fi",136714,2010-09-03,Mark Romanek,7,2012-01-14
70,tt1094594,2012-01-14,2012-01-14,,Sigur Rós: Heima,https://www.imdb.com/title/tt1094594/,movie,8.5,97,2007,"Documentary, Music",7848,2007-09-27,Dean DeBlois,8,2012-01-14
71,tt0092337,2012-01-20,2012-01-20,,Dekalog,https://www.imdb.com/title/tt0092337/,tvMiniSeries,9.0,572,1989,Drama,21794,1989-05-16,,8,2012-01-20
72,tt0782032,2012-01-23,2012-01-23,,Cenneti Beklerken,https://www.imdb.com/title/tt0782032/,movie,6.7,107,2006,"Drama, History",1438,2006-12-15,Dervis Zaim,7,2012-01-23
73,tt0259072,2012-01-29,2012-01-29,,Zamani barayé masti asbha,https://www.imdb.com/title/tt0259072/,movie,7.7,80,2000,"Drama, War",7489,2000-05-31,Bahman Ghobadi,8,2012-01-29
74,tt0405508,2012-01-29,2012-01-29,,Rang De Basanti,https://www.imdb.com/title/tt0405508/,movie,8.2,167,2006,"Comedy, Crime, Drama",111509,2006-01-26,Rakeysh Omprakash Mehra,7,2012-01-30
75,tt0365686,2012-01-30,2012-01-30,,Revolver,https://www.imdb.com/title/tt0365686/,movie,6.4,111,2005,"Action, Crime, Drama, Mystery, Thriller",89697,2005-09-11,Guy Ritchie,6,2018-01-19
76,tt0887912,2012-01-30,2012-01-30,,The Hurt Locker,https://www.imdb.com/title/tt0887912/,movie,7.5,131,2008,"Drama, Thriller, War",420283,2008-09-04,Kathryn Bigelow,6,2018-10-24
77,tt0120735,2012-01-30,2012-01-30,,"Lock, Stock and Two Smoking Barrels",https://www.imdb.com/title/tt0120735/,movie,8.2,107,1998,"Action, Comedy, Crime",533464,1998-08-23,Guy Ritchie,8,2011-12-18
78,tt0389790,2012-01-30,2012-01-30,,Bee Movie,https://www.imdb.com/title/tt0389790/,movie,6.1,91,2007,"Animation, Adventure, Comedy, Family",141812,2007-10-28,"Simon J. Smith, Steve Hickner",6,2018-10-24
79,tt0338348,2012-01-30,2012-01-30,,The Polar Express,https://www.imdb.com/title/tt0338348/,movie,6.6,100,2004,"Animation, Adventure, Comedy, Family, Fantasy, Musical",179768,2004-10-21,Robert Zemeckis,5,2018-10-24
80,tt0174856,2012-01-30,2012-01-30,,The Hurricane,https://www.imdb.com/title/tt0174856/,movie,7.6,146,1999,"Biography, Drama, Sport",91290,1999-09-17,Norman Jewison,8,2012-01-30
81,tt1187064,2012-01-30,2012-01-30,,Triangle,https://www.imdb.com/title/tt1187064/,movie,6.9,99,2009,"Fantasy, Mystery, Thriller",102617,2009-08-27,Christopher Smith,7,2012-01-30
82,tt0480249,2012-01-31,2012-01-31,,I Am Legend,https://www.imdb.com/title/tt0480249/,movie,7.2,101,2007,"Action, Adventure, Drama, Sci-Fi, Thriller",684656,2007-12-05,Francis Lawrence,7,2012-01-30
83,tt1156398,2012-01-31,2012-01-31,,Zombieland,https://www.imdb.com/title/tt1156398/,movie,7.6,88,2009,"Adventure, Comedy, Fantasy, Horror, Sci-Fi",518704,2009-09-25,Ruben Fleischer,7,2012-01-30
84,tt0986264,2012-02-11,2012-02-11,,Taare Zameen Par,https://www.imdb.com/title/tt0986264/,movie,8.4,165,2007,"Drama, Family",167745,2007-12-21,"Aamir Khan, Amole Gupte",8,2012-02-11
85,tt0415607,2012-02-15,2012-02-15,,Beed-e majnoon,https://www.imdb.com/title/tt0415607/,movie,7.4,96,2005,Drama,3989,2005-02-01,Majid Majidi,8,2012-02-15
86,tt1187043,2012-03-03,2012-03-03,,3 Idiots,https://www.imdb.com/title/tt1187043/,movie,8.4,170,2009,"Comedy, Drama",342495,2009-12-23,Rajkumar Hirani,7,2012-03-03
87,tt0233841,2012-03-04,2012-03-04,,Baran,https://www.imdb.com/title/tt0233841/,movie,7.8,94,2001,"Drama, Romance",7834,2001-01-31,Majid Majidi,8,2012-03-04
88,tt1454029,2012-03-26,2012-03-26,,The Help,https://www.imdb.com/title/tt1454029/,movie,8.0,146,2011,Drama,426675,2011-08-09,Tate Taylor,8,2012-03-26
89,tt1188996,2012-03-31,2012-03-31,,My Name Is Khan,https://www.imdb.com/title/tt1188996/,movie,8.0,165,2010,Drama,98221,2010-02-11,Karan Johar,7,2012-03-31
90,tt0997246,2012-04-01,2012-04-01,,Avaze gonjeshk-ha,https://www.imdb.com/title/tt0997246/,movie,7.9,96,2008,"Drama, Family",9488,2008-02-01,Majid Majidi,8,2012-04-01
91,tt0970179,2012-04-08,2012-04-08,,Hugo,https://www.imdb.com/title/tt0970179/,movie,7.5,126,2011,"Drama, Family, Fantasy, Mystery",304253,2011-10-10,Martin Scorsese,8,2018-01-19
92,tt0498380,2012-04-15,2012-04-15,,Letters from Iwo Jima,https://www.imdb.com/title/tt0498380/,movie,7.9,141,2006,"Action, Adventure, Drama, History, War",153715,2006-11-15,Clint Eastwood,7,2012-04-15
93,tt0073486,2012-04-29,2012-04-29,,One Flew Over the Cuckoo's Nest,https://www.imdb.com/title/tt0073486/,movie,8.7,133,1975,Drama,914457,1975-11-19,Milos Forman,7,2012-04-29
94,tt0110882,2012-05-19,2012-05-19,,Pred dozhdot,https://www.imdb.com/title/tt0110882/,movie,8.0,113,1994,"Drama, War",13777,1994-09-01,Milcho Manchevski,9,2018-12-30
95,tt0351461,2012-05-19,2012-05-19,,Nói albinói,https://www.imdb.com/title/tt0351461/,movie,7.3,93,2003,Drama,9078,2003-01-24,Dagur Kári,7,2012-05-19
96,tt1146295,2012-05-25,2012-05-25,,Snijeg,https://www.imdb.com/title/tt1146295/,movie,7.0,100,2008,Drama,1016,2008-05-20,Aida Begic,8,2012-05-25
97,tt0418689,2016-03-12,2016-03-12,,Flags of Our Fathers,https://www.imdb.com/title/tt0418689/,movie,7.0,135,2006,"Action, Adventure, Drama, History, War",117304,2006-10-09,Clint Eastwood,5,2018-10-24
98,tt0251160,2016-03-12,2016-03-12,,John Q,https://www.imdb.com/title/tt0251160/,movie,7.1,116,2002,"Crime, Drama, Thriller",123412,2002-02-15,Nick Cassavetes,7,2018-01-19
99,tt0101600,2016-03-12,2016-03-12,,Le Collier Perdu de la Colombe,https://www.imdb.com/title/tt0101600/,movie,7.3,86,1991,"Drama, Family, Fantasy, Romance",423,1991-02-21,Nacer Khemir,7,2018-10-24
100,tt1360860,2016-03-12,2016-03-12,,Darbareye Elly,https://www.imdb.com/title/tt1360860/,movie,8.0,119,2009,"Drama, Mystery",45403,2009-02-01,Asghar Farhadi,6,2018-10-24
101,tt0395169,2016-03-12,2016-03-12,,Hotel Rwanda,https://www.imdb.com/title/tt0395169/,movie,8.1,121,2004,"Biography, Drama, History, War",333467,2004-09-11,Terry George,7,2018-01-19
102,tt0780536,2016-03-12,2016-03-12,,In Bruges,https://www.imdb.com/title/tt0780536/,movie,7.9,107,2008,"Comedy, Crime, Drama, Thriller",389385,2008-01-17,Martin McDonagh,6,2018-01-19
103,tt0086934,2016-03-12,2016-03-12,,El-haimoune,https://www.imdb.com/title/tt0086934/,movie,7.0,95,1984,"Drama, Fantasy, Mystery",532,1984-12-31,Nacer Khemir,7,2018-10-24
104,tt0095953,2016-03-12,2016-03-12,,Rain Man,https://www.imdb.com/title/tt0095953/,movie,8.0,133,1988,Drama,471571,1988-12-12,Barry Levinson,9,2018-01-19
105,tt0268978,2016-03-12,2016-03-12,,A Beautiful Mind,https://www.imdb.com/title/tt0268978/,movie,8.2,135,2001,"Biography, Drama",845449,2001-12-13,Ron Howard,8,2018-01-19
106,tt0472562,2016-03-12,2016-03-12,,Shake Hands with the Devil,https://www.imdb.com/title/tt0472562/,movie,7.6,112,2007,"Drama, History, War",3226,2007-09-09,Roger Spottiswoode,8,2018-01-19
107,tt0405159,2016-03-12,2016-03-12,,Million Dollar Baby,https://www.imdb.com/title/tt0405159/,movie,8.1,132,2004,"Drama, Sport",633828,2004-12-05,Clint Eastwood,8,2018-01-19
108,tt2713180,2016-03-12,2016-03-12,,Fury,https://www.imdb.com/title/tt2713180/,movie,7.6,134,2014,"Action, Drama, War",424302,2014-10-15,David Ayer,7,2018-01-30
109,tt2582802,2016-03-12,2016-03-12,,Whiplash,https://www.imdb.com/title/tt2582802/,movie,8.5,106,2014,"Drama, Music",712886,2014-01-16,Damien Chazelle,9,2018-01-19
110,tt1895587,2016-03-13,2016-03-13,,Spotlight,https://www.imdb.com/title/tt1895587/,movie,8.1,129,2015,"Biography, Crime, Drama",418117,2015-09-03,Tom McCarthy,8,2018-10-24
111,tt1663202,2016-03-13,2016-03-13,,The Revenant,https://www.imdb.com/title/tt1663202/,movie,8.0,156,2015,"Action, Adventure, Drama, History, Western",701876,2015-12-16,Alejandro G. Iñárritu,8,2018-01-22
112,tt0427309,2016-03-14,2016-03-14,,The Great Debaters,https://www.imdb.com/title/tt0427309/,movie,7.5,126,2007,"Biography, Drama, Romance",55816,2007-12-11,Denzel Washington,7,2018-01-19
113,tt1210166,2016-07-06,2016-07-06,,Moneyball,https://www.imdb.com/title/tt1210166/,movie,7.6,133,2011,"Biography, Drama, Sport",367624,2011-09-09,Bennett Miller,8,2018-01-19
114,tt3674140,2016-08-05,2016-08-05,,The Salt of the Earth,https://www.imdb.com/title/tt3674140/,movie,8.5,110,2014,"Documentary, Biography, History",19831,2014-05-20,"Juliano Ribeiro Salgado, Wim Wenders",9,2018-01-19
115,tt0309061,2016-08-05,2016-08-05,,War Photographer,https://www.imdb.com/title/tt0309061/,movie,8.0,96,2001,"Documentary, War",3967,2001-12-31,Christian Frei,9,2018-01-19
116,tt0103767,2016-08-05,2016-08-05,,Baraka,https://www.imdb.com/title/tt0103767/,movie,8.6,96,1992,Documentary,36220,1992-08-31,Ron Fricke,9,2018-01-19
117,tt1806234,2016-08-05,2016-08-05,,Human Planet,https://www.imdb.com/title/tt1806234/,tvMiniSeries,9.0,50,2011,Documentary,23637,2011-01-13,,9,2018-01-19
118,tt0795176,2016-08-05,2016-08-05,,Planet Earth,https://www.imdb.com/title/tt0795176/,tvMiniSeries,9.4,538,2006,Documentary,166227,2006-02-27,,9,2018-01-19
119,tt2515030,2016-08-05,2016-08-05,,Escobar: Paradise Lost,https://www.imdb.com/title/tt2515030/,movie,6.5,120,2014,"Crime, Drama, History, Romance, Thriller",21072,2014-09-06,Andrea Di Stefano,5,2018-10-24
120,tt0109382,2016-08-05,2016-08-05,,Caro diario,https://www.imdb.com/title/tt0109382/,movie,7.3,100,1993,"Biography, Comedy, Drama",7148,1993-11-12,Nanni Moretti,9,2018-01-19
121,tt0120731,2016-08-05,2016-08-05,,La leggenda del pianista sull'oceano,https://www.imdb.com/title/tt0120731/,movie,8.1,169,1998,"Drama, Music, Romance",58791,1998-10-28,Giuseppe Tornatore,9,2018-01-19
122,tt1117385,2017-12-19,2017-12-19,,Felon,https://www.imdb.com/title/tt1117385/,movie,7.4,104,2008,"Action, Crime, Thriller",74894,2008-07-13,Ric Roman Waugh,7,2018-01-19
123,tt1242422,2017-12-19,2017-12-19,,Celda 211,https://www.imdb.com/title/tt1242422/,movie,7.6,113,2009,"Action, Adventure, Crime, Drama, Thriller",63739,2009-09-04,Daniel Monzón,7,2018-01-19
124,tt0113497,2018-01-19,2018-01-19,,Jumanji,https://www.imdb.com/title/tt0113497/,movie,7.0,104,1995,"Adventure, Comedy, Family, Fantasy",307724,1995-12-15,Joe Johnston,7,2018-01-19
125,tt0450259,2018-01-19,2018-01-19,,Blood Diamond,https://www.imdb.com/title/tt0450259/,movie,8.0,143,2006,"Adventure, Drama, Thriller",497572,2006-12-06,Edward Zwick,7,2018-01-19
126,tt2085059,2018-01-19,2018-01-19,,Black Mirror,https://www.imdb.com/title/tt2085059/,tvSeries,8.8,60,2011,"Drama, Sci-Fi, Thriller",438234,2011-12-04,,8,2018-01-19
127,tt0362227,2018-01-19,2018-01-19,,The Terminal,https://www.imdb.com/title/tt0362227/,movie,7.4,128,2004,"Comedy, Drama, Romance",405193,2004-06-09,Steven Spielberg,9,2018-01-19
128,tt0332452,2018-01-19,2018-01-19,,Troy,https://www.imdb.com/title/tt0332452/,movie,7.3,163,2004,"Drama, History",487396,2004-05-09,Wolfgang Petersen,6,2018-01-19
129,tt0346491,2018-01-19,2018-01-19,,Alexander,https://www.imdb.com/title/tt0346491/,movie,5.6,175,2004,"Action, Biography, Drama, History, War",162060,2004-11-16,Oliver Stone,4,2018-01-19
130,tt2707408,2018-01-19,2018-01-19,,Narcos,https://www.imdb.com/title/tt2707408/,tvSeries,8.8,49,2015,"Biography, Crime, Drama, Thriller",353195,2015-08-28,,8,2018-01-19
131,tt0325710,2018-01-19,2018-01-19,,The Last Samurai,https://www.imdb.com/title/tt0325710/,movie,7.7,154,2003,"Action, Drama",398853,2003-11-22,Edward Zwick,7,2018-01-19
132,tt0240772,2018-01-19,2018-01-19,,Ocean's Eleven,https://www.imdb.com/title/tt0240772/,movie,7.7,116,2001,"Crime, Thriller",514466,2001-12-05,Steven Soderbergh,5,2018-01-30
133,tt0349903,2018-01-19,2018-01-19,,Ocean's Twelve,https://www.imdb.com/title/tt0349903/,movie,6.5,125,2004,"Crime, Thriller",358089,2004-12-08,Steven Soderbergh,5,2018-01-30
134,tt0496806,2018-01-19,2018-01-19,,Ocean's Thirteen,https://www.imdb.com/title/tt0496806/,movie,6.9,122,2007,"Action, Crime, Thriller",320518,2007-05-24,Steven Soderbergh,6,2018-01-30
135,tt2582576,2018-01-19,2018-01-19,,Sand Castle,https://www.imdb.com/title/tt2582576/,movie,6.3,113,2017,"Action, Drama, War",19471,2017-04-21,Fernando Coimbra,5,2018-01-19
136,tt0316465,2018-01-19,2018-01-19,,Radio,https://www.imdb.com/title/tt0316465/,movie,6.9,109,2003,"Biography, Drama, Sport",38079,2003-10-24,Michael Tollin,8,2018-01-19
137,tt3828488,2018-01-19,2018-01-19,,Salam Neighbor,https://www.imdb.com/title/tt3828488/,movie,7.5,75,2015,"Documentary, Adventure, Drama, News",568,2015-06-20,"Chris Temple, Zach Ingrasci",6,2018-01-19
138,tt2625598,2018-01-19,2018-01-19,,Living on One Dollar,https://www.imdb.com/title/tt2625598/,movie,7.3,56,2013,"Documentary, Adventure, Drama",4678,2013-04-13,"Sean Leonard, Chris Temple, Zach Ingrasci",6,2018-10-24
139,tt0162222,2018-01-19,2018-01-19,,Cast Away,https://www.imdb.com/title/tt0162222/,movie,7.8,143,2000,"Adventure, Drama, Romance",521618,2000-12-07,Robert Zemeckis,8,2018-12-30
140,tt0374463,2018-01-19,2018-01-19,,The Pacific,https://www.imdb.com/title/tt0374463/,tvMiniSeries,8.3,530,2010,"Action, Adventure, Drama, History, War",98982,2010-03-14,,7,2018-10-24
141,tt0185906,2018-01-19,2018-01-19,,Band of Brothers,https://www.imdb.com/title/tt0185906/,tvMiniSeries,9.4,594,2001,"Action, Drama, History, War",372679,2001-09-09,,7,2018-10-24
142,tt0393162,2018-01-19,2018-01-19,,Coach Carter,https://www.imdb.com/title/tt0393162/,movie,7.3,136,2005,"Biography, Drama, Sport",127658,2005-01-13,Thomas Carter,7,2018-01-30
143,tt1853728,2018-01-19,2018-01-19,,Django Unchained,https://www.imdb.com/title/tt1853728/,movie,8.4,165,2012,"Drama, Western",1350918,2012-12-11,Quentin Tarantino,8,2018-01-30
144,tt0489099,2018-01-19,2018-01-19,,Jumper,https://www.imdb.com/title/tt0489099/,movie,6.1,88,2008,"Action, Adventure, Sci-Fi, Thriller",286027,2008-02-06,Doug Liman,5,2018-01-30
145,tt1856010,2018-01-19,2018-01-19,,House of Cards,https://www.imdb.com/title/tt1856010/,tvSeries,8.7,51,2013,Drama,464255,2013-02-01,,8,2018-10-21
146,tt0114814,2018-01-19,2018-01-19,,The Usual Suspects,https://www.imdb.com/title/tt0114814/,movie,8.5,106,1995,"Crime, Mystery, Thriller",987518,1995-01-25,Bryan Singer,8,2018-10-24
147,tt0964517,2018-01-19,2018-01-19,,The Fighter,https://www.imdb.com/title/tt0964517/,movie,7.8,116,2010,"Biography, Drama, Sport",339400,2010-12-06,David O. Russell,8,2018-01-30
148,tt0822854,2018-01-19,2018-01-19,,Shooter,https://www.imdb.com/title/tt0822854/,movie,7.2,124,2007,"Action, Drama, Thriller",309690,2007-03-08,Antoine Fuqua,7,2018-10-24
149,tt5203824,2018-01-19,2018-01-19,,A Plastic Ocean,https://www.imdb.com/title/tt5203824/,movie,8.0,102,2016,Documentary,2462,2016-09-22,Craig Leeson,7,2018-10-24
150,tt2378830,2018-01-19,2018-01-19,,Sommeren '92,https://www.imdb.com/title/tt2378830/,movie,6.9,93,2015,"Biography, Comedy, Drama, Sport",3418,2015-08-27,Kasper Barfoed,7,2018-03-10
151,tt5350276,2018-01-19,2018-01-19,,Tales by Light,https://www.imdb.com/title/tt5350276/,tvSeries,8.3,23,2015,Documentary,1720,2015-05-24,,9,2018-01-19
152,tt6333098,2018-01-19,2018-01-19,,Abstract: The Art of Design,https://www.imdb.com/title/tt6333098/,tvSeries,8.4,45,2017,Documentary,4725,2017-01-21,,9,2018-01-19
153,tt0454848,2018-01-19,2018-01-19,,Inside Man,https://www.imdb.com/title/tt0454848/,movie,7.6,129,2006,"Crime, Drama, Mystery, Thriller",337867,2006-03-16,Spike Lee,8,2018-01-19
154,tt0139654,2018-01-19,2018-01-19,,Training Day,https://www.imdb.com/title/tt0139654/,movie,7.7,122,2001,"Crime, Drama, Thriller",388566,2001-09-02,Antoine Fuqua,8,2018-01-19
155,tt0477080,2018-01-19,2018-01-19,,Unstoppable,https://www.imdb.com/title/tt0477080/,movie,6.8,98,2010,"Action, Thriller",184363,2010-10-26,Tony Scott,5,2018-01-19
156,tt0453467,2018-01-19,2018-01-19,,Deja Vu,https://www.imdb.com/title/tt0453467/,movie,7.1,126,2006,"Action, Crime, Sci-Fi, Thriller",292579,2006-11-20,Tony Scott,7,2018-01-19
157,tt0328107,2018-01-19,2018-01-19,,Man on Fire,https://www.imdb.com/title/tt0328107/,movie,7.7,146,2004,"Action, Crime, Drama, Thriller",328594,2004-04-18,Tony Scott,8,2018-01-19
158,tt0145681,2018-01-19,2018-01-19,,The Bone Collector,https://www.imdb.com/title/tt0145681/,movie,6.7,118,1999,"Crime, Drama, Mystery, Thriller",154148,1999-08-29,Phillip Noyce,6,2018-01-19
159,tt0112740,2018-01-19,2018-01-19,,Crimson Tide,https://www.imdb.com/title/tt0112740/,movie,7.3,116,1995,"Action, Drama, Thriller, War",101449,1995-05-12,Tony Scott,6,2018-01-19
160,tt0104797,2018-01-19,2018-01-19,,Malcolm X,https://www.imdb.com/title/tt0104797/,movie,7.7,202,1992,"Biography, Drama, History",85348,1992-11-17,Spike Lee,6,2018-01-19
161,tt2608224,2018-01-19,2018-01-19,,Kelebegin Rüyasi,https://www.imdb.com/title/tt2608224/,movie,7.8,138,2013,"Biography, Drama, History, Romance",20008,2013-02-21,Yilmaz Erdogan,7,2018-01-19
162,tt3007512,2018-01-19,2018-01-19,,The Water Diviner,https://www.imdb.com/title/tt3007512/,movie,7.0,111,2014,"Drama, History, War",71348,2014-12-11,Russell Crowe,4,2018-01-19
163,tt0270053,2018-01-19,2018-01-19,,Vizontele,https://www.imdb.com/title/tt0270053/,movie,8.0,110,2001,"Comedy, Drama",33371,2001-02-02,"Ömer Faruk Sorak, Yilmaz Erdogan",7,2018-01-19
164,tt3698408,2018-01-19,2018-01-19,,Pek Yakinda,https://www.imdb.com/title/tt3698408/,movie,7.4,134,2014,"Comedy, Drama, Romance",31576,2014-10-02,Cem Yilmaz,5,2018-01-19
165,tt1523515,2018-01-19,2018-01-19,,Neseli Hayat,https://www.imdb.com/title/tt1523515/,movie,6.1,100,2009,Comedy,6669,2009-11-27,Yilmaz Erdogan,5,2018-01-19
166,tt0470883,2018-01-19,2018-01-19,,Organize Isler,https://www.imdb.com/title/tt0470883/,movie,7.4,106,2005,"Comedy, Drama",30556,2005-12-22,Yilmaz Erdogan,6,2018-01-19
167,tt0399854,2018-01-19,2018-01-19,,Vizontele Tuuba,https://www.imdb.com/title/tt0399854/,movie,6.5,111,2003,"Comedy, Drama",14466,2003-12-31,Yilmaz Erdogan,6,2018-01-19
168,tt0770802,2018-01-19,2018-01-19,,Samsara,https://www.imdb.com/title/tt0770802/,movie,8.5,102,2011,"Documentary, Music",33276,2011-09-11,Ron Fricke,9,2018-01-19
169,tt0120737,2018-01-19,2018-01-19,,The Lord of the Rings: The Fellowship of the Ring,https://www.imdb.com/title/tt0120737/,movie,8.8,178,2001,"Action, Adventure, Drama, Fantasy",1653899,2001-12-10,Peter Jackson,7,2018-01-19
170,tt0110912,2018-01-19,2018-01-19,,Pulp Fiction,https://www.imdb.com/title/tt0110912/,movie,8.9,154,1994,"Crime, Drama",1818480,1994-05-21,Quentin Tarantino,8,2018-01-19
171,tt3460252,2018-01-19,2018-01-19,,The Hateful Eight,https://www.imdb.com/title/tt3460252/,movie,7.8,168,2015,"Crime, Drama, Mystery, Thriller, Western",513786,2015-12-07,Quentin Tarantino,7,2018-01-19
172,tt0102536,2018-01-22,2018-01-22,,Night on Earth,https://www.imdb.com/title/tt0102536/,movie,7.8,129,1991,"Comedy, Drama",55119,1991-10-04,Jim Jarmusch,9,2018-12-30
173,tt1790864,2018-01-22,2018-01-22,,The Maze Runner,https://www.imdb.com/title/tt1790864/,movie,6.8,113,2014,"Action, Mystery, Sci-Fi, Thriller",416076,2014-09-11,Wes Ball,3,2018-01-22
174,tt0903747,2018-01-22,2018-01-22,,Breaking Bad,https://www.imdb.com/title/tt0903747/,tvSeries,9.5,49,2008,"Crime, Drama, Thriller",1445111,2008-01-20,,9,2018-01-22
175,tt0455275,2018-01-22,2018-01-22,,Prison Break,https://www.imdb.com/title/tt0455275/,tvSeries,8.3,44,2005,"Action, Crime, Drama, Mystery, Thriller",472810,2005-08-29,,7,2018-01-22
176,tt2401256,2018-01-22,2018-01-22,,The Night Of,https://www.imdb.com/title/tt2401256/,tvMiniSeries,8.5,525,2016,"Crime, Drama, Mystery",118814,2016-06-24,,7,2018-01-22
177,tt1235836,2018-01-22,2018-01-22,,Journey to Mecca,https://www.imdb.com/title/tt1235836/,movie,6.3,45,2009,"Drama, History",470,2009-01-07,Bruce Neibaur,7,2018-01-22
178,tt0361670,2018-01-22,2018-01-22,,Le grand voyage,https://www.imdb.com/title/tt0361670/,movie,7.2,108,2004,"Drama, Romance",2354,2004-09-07,Ismaël Ferroukhi,8,2018-01-22
179,tt0408306,2018-01-22,2018-01-22,,Munich,https://www.imdb.com/title/tt0408306/,movie,7.5,164,2005,"Action, Drama, History, Thriller",211869,2005-12-23,Steven Spielberg,7,2018-01-22
180,tt0454876,2018-01-22,2018-01-22,,Life of Pi,https://www.imdb.com/title/tt0454876/,movie,7.9,127,2012,"Adventure, Drama, Fantasy",578924,2012-09-28,Ang Lee,8,2018-01-22
181,tt2543164,2018-01-22,2018-01-22,,Arrival,https://www.imdb.com/title/tt2543164/,movie,7.9,116,2016,"Drama, Sci-Fi",591038,2016-09-01,Denis Villeneuve,8,2018-01-22
182,tt0878804,2018-01-22,2018-01-22,,The Blind Side,https://www.imdb.com/title/tt0878804/,movie,7.6,129,2009,"Biography, Drama, Sport",292019,2009-11-17,John Lee Hancock,9,2018-01-22
183,tt1018765,2018-01-22,2018-01-22,,Our Brand Is Crisis,https://www.imdb.com/title/tt1018765/,movie,6.1,107,2015,"Comedy, Drama",20559,2015-09-11,David Gordon Green,8,2018-01-22
184,tt1483013,2018-01-22,2018-01-22,,Oblivion,https://www.imdb.com/title/tt1483013/,movie,7.0,124,2013,"Action, Adventure, Sci-Fi",484865,2013-03-26,Joseph Kosinski,7,2018-01-22
185,tt0107290,2018-01-22,2018-01-22,,Jurassic Park,https://www.imdb.com/title/tt0107290/,movie,8.1,127,1993,"Action, Adventure, Sci-Fi, Thriller",864470,1993-06-09,Steven Spielberg,8,2018-01-22
186,tt0138704,2018-01-22,2018-01-22,,Pi,https://www.imdb.com/title/tt0138704/,movie,7.4,84,1998,"Drama, Horror, Mystery, Sci-Fi, Thriller",169481,1998-01-31,Darren Aronofsky,6,2018-01-22
187,tt1959490,2018-01-22,2018-01-22,,Noah,https://www.imdb.com/title/tt1959490/,movie,5.7,138,2014,"Action, Adventure, Drama",242799,2014-03-10,Darren Aronofsky,5,2018-01-22
188,tt1528100,2018-01-22,2018-01-22,,Exodus: Gods and Kings,https://www.imdb.com/title/tt1528100/,movie,6.0,150,2014,"Action, Adventure, Drama, Fantasy",159238,2014-12-03,Ridley Scott,5,2018-01-22
189,tt3659388,2018-01-22,2018-01-22,,The Martian,https://www.imdb.com/title/tt3659388/,movie,8.0,144,2015,"Adventure, Drama, Sci-Fi",756925,2015-09-11,Ridley Scott,9,2018-01-22
190,tt0758774,2018-01-22,2018-01-22,,Body of Lies,https://www.imdb.com/title/tt0758774/,movie,7.1,128,2008,"Action, Drama, Thriller",212954,2008-10-05,Ridley Scott,7,2018-01-22
191,tt0816692,2018-01-22,2018-01-22,,Interstellar,https://www.imdb.com/title/tt0816692/,movie,8.6,169,2014,"Adventure, Drama, Sci-Fi",1501996,2014-10-26,Christopher Nolan,9,2018-01-22
192,tt1345836,2018-01-22,2018-01-22,,The Dark Knight Rises,https://www.imdb.com/title/tt1345836/,movie,8.4,164,2012,"Action, Adventure",1510644,2012-07-16,Christopher Nolan,7,2018-01-22
193,tt0361862,2018-01-22,2018-01-22,,The Machinist,https://www.imdb.com/title/tt0361862/,movie,7.7,101,2004,"Drama, Thriller",357138,2004-01-18,Brad Anderson,7,2018-01-22
194,tt2084970,2018-01-22,2018-01-22,,The Imitation Game,https://www.imdb.com/title/tt2084970/,movie,8.0,114,2014,"Biography, Drama, Thriller, War",682254,2014-08-29,Morten Tyldum,8,2018-01-22
195,tt1454468,2018-01-22,2018-01-22,,Gravity,https://www.imdb.com/title/tt1454468/,movie,7.7,91,2013,"Drama, Sci-Fi, Thriller",767198,2013-08-28,Alfonso Cuarón,8,2018-01-22
196,tt0993846,2018-01-22,2018-01-22,,The Wolf of Wall Street,https://www.imdb.com/title/tt0993846/,movie,8.2,180,2013,"Biography, Crime, Drama",1177295,2013-12-09,Martin Scorsese,7,2018-01-22
197,tt1616195,2018-01-22,2018-01-22,,J. Edgar,https://www.imdb.com/title/tt1616195/,movie,6.5,137,2011,"Biography, Drama, Romance",122302,2011-11-03,Clint Eastwood,5,2012-03-11
198,tt0120338,2018-01-22,2018-01-22,,Titanic,https://www.imdb.com/title/tt0120338/,movie,7.8,194,1997,"Drama, Romance",1041870,1997-11-01,James Cameron,7,2018-01-22
199,tt0265086,2018-01-22,2018-01-22,,Black Hawk Down,https://www.imdb.com/title/tt0265086/,movie,7.7,144,2001,"Drama, History, War",363229,2001-12-18,Ridley Scott,6,2018-01-22
200,tt0264464,2018-01-29,2018-01-29,,Catch Me If You Can,https://www.imdb.com/title/tt0264464/,movie,8.1,141,2002,"Biography, Crime, Drama",825561,2002-12-16,Steven Spielberg,8,2018-01-29
201,tt1809398,2018-01-30,2018-01-30,,Unbroken,https://www.imdb.com/title/tt1809398/,movie,7.2,137,2014,"Action, Biography, Drama, Sport, War",148555,2014-11-17,Angelina Jolie,8,2018-01-30
202,tt0493464,2018-01-30,2018-01-30,,Wanted,https://www.imdb.com/title/tt0493464/,movie,6.7,110,2008,"Action, Crime, Thriller",359261,2008-06-12,Timur Bekmambetov,5,2018-01-30
203,tt0421715,2018-01-30,2018-01-30,,The Curious Case of Benjamin Button,https://www.imdb.com/title/tt0421715/,movie,7.8,166,2008,"Drama, Fantasy, Romance",586725,2008-12-10,David Fincher,7,2018-01-30
204,tt0462504,2018-01-30,2018-01-30,,Rescue Dawn,https://www.imdb.com/title/tt0462504/,movie,7.3,120,2006,"Action, Biography, Drama, Thriller, War",100873,2006-09-09,Werner Herzog,6,2018-01-30
205,tt0238380,2018-01-30,2018-01-30,,Equilibrium,https://www.imdb.com/title/tt0238380/,movie,7.4,107,2002,"Action, Drama, Sci-Fi, Thriller",311003,2002-12-06,Kurt Wimmer,7,2018-01-30
206,tt3154310,2018-02-01,2018-02-01,,Walt Before Mickey,https://www.imdb.com/title/tt3154310/,movie,5.9,107,2015,"Biography, Drama",5746,2015-08-14,Khoa Le,6,2018-02-01
207,tt0478087,2018-03-16,2018-03-16,,21,https://www.imdb.com/title/tt0478087/,movie,6.8,123,2008,"Crime, Drama, History, Thriller",228946,2008-03-07,Robert Luketic,7,2018-03-16
208,tt3741834,2018-05-28,2018-05-28,,Lion,https://www.imdb.com/title/tt3741834/,movie,8.0,118,2016,"Biography, Drama",212727,2016-09-10,Garth Davis,9,2018-05-28
209,tt2543472,2018-05-28,2018-05-28,,Wonder,https://www.imdb.com/title/tt2543472/,movie,8.0,113,2017,"Drama, Family",140708,2017-11-14,Stephen Chbosky,8,2018-05-28
210,tt5478478,2018-05-28,2018-05-28,,Hostiles,https://www.imdb.com/title/tt5478478/,movie,7.2,134,2017,"Drama, Western",70576,2017-09-02,Scott Cooper,6,2018-05-28
211,tt7768848,2018-09-24,2018-09-24,,Wild Wild Country,https://www.imdb.com/title/tt7768848/,tvMiniSeries,8.2,403,2018,"Documentary, Crime",24046,2018-01-31,,8,2018-09-24
212,tt5290382,2018-10-16,2018-10-16,,Mindhunter,https://www.imdb.com/title/tt5290382/,tvSeries,8.6,60,2017,"Crime, Drama, Thriller",212560,2017-10-13,,8,2018-10-16
213,tt1111422,2018-10-20,2018-10-20,,The Taking of Pelham 123,https://www.imdb.com/title/tt1111422/,movie,6.4,106,2009,"Action, Crime, Thriller",185660,2009-06-04,Tony Scott,6,2018-10-20
214,tt5580146,2018-10-28,2018-10-28,,Maniac,https://www.imdb.com/title/tt5580146/,tvMiniSeries,7.8,40,2018,"Comedy, Drama, Sci-Fi",65177,2018-09-21,,5,2018-10-28
215,tt8714904,2018-12-15,2018-12-15,,Narcos: Mexico,https://www.imdb.com/title/tt8714904/,tvSeries,8.4,50,2018,"Crime, Drama",59627,2018-11-16,,7,2018-12-15
216,tt4786824,2018-12-28,2018-12-28,,The Crown,https://www.imdb.com/title/tt4786824/,tvSeries,8.7,58,2016,"Biography, Drama, History",142248,2016-11-01,,8,2018-12-28
217,tt5013056,2018-12-30,2018-12-30,,Dunkirk,https://www.imdb.com/title/tt5013056/,movie,7.8,106,2017,"Action, Drama, History, Thriller, War",551516,2017-07-13,Christopher Nolan,7,2018-12-30
218,tt1233381,2018-12-30,2018-12-30,,Üç Maymun,https://www.imdb.com/title/tt1233381/,movie,7.4,109,2008,Drama,20032,2008-05-16,Nuri Bilge Ceylan,6,2018-12-30
219,tt0263438,2018-12-30,2018-12-30,,Her Sey Çok Güzel Olacak,https://www.imdb.com/title/tt0263438/,movie,8.1,107,1998,"Comedy, Drama",22779,1998-11-27,Ömer Vargi,7,2018-12-30
220,tt0455944,2018-12-30,2018-12-30,,The Equalizer,https://www.imdb.com/title/tt0455944/,movie,7.2,132,2014,"Action, Crime, Thriller",332244,2014-09-07,Antoine Fuqua,5,2018-12-30
221,tt0180748,2018-12-30,2018-12-30,,I Kina spiser de hunde,https://www.imdb.com/title/tt0180748/,movie,7.4,91,1999,"Action, Comedy, Crime",20073,1999-09-10,Lasse Spang Olsen,7,2018-12-30
222,tt0246692,2018-12-30,2018-12-30,,Gamle mænd i nye biler,https://www.imdb.com/title/tt0246692/,movie,6.8,95,2002,"Action, Comedy, Crime",8831,2002-07-12,Lasse Spang Olsen,6,2018-12-30
223,tt0116695,2018-12-30,2018-12-30,,Jerry Maguire,https://www.imdb.com/title/tt0116695/,movie,7.3,139,1996,"Comedy, Drama, Romance, Sport",242305,1996-12-06,Cameron Crowe,6,2018-12-30
224,tt0985699,2018-12-30,2018-12-30,,Valkyrie,https://www.imdb.com/title/tt0985699/,movie,7.1,121,2008,"Drama, History, Thriller, War",228018,2008-12-25,Bryan Singer,7,2018-12-30
225,tt0369339,2018-12-30,2018-12-30,,Collateral,https://www.imdb.com/title/tt0369339/,movie,7.5,120,2004,"Crime, Drama, Thriller",359067,2004-08-02,Michael Mann,8,2018-12-30
226,tt0181689,2018-12-30,2018-12-30,,Minority Report,https://www.imdb.com/title/tt0181689/,movie,7.6,145,2002,"Action, Crime, Mystery, Sci-Fi, Thriller",506996,2002-06-17,Steven Spielberg,6,2018-12-30
227,tt0338751,2018-12-30,2018-12-30,,The Aviator,https://www.imdb.com/title/tt0338751/,movie,7.5,170,2004,"Biography, Drama",333067,2004-12-14,Martin Scorsese,6,2018-12-30
228,tt0400063,2018-12-30,2018-12-30,,Sometimes in April,https://www.imdb.com/title/tt0400063/,tvMovie,7.9,140,2005,"Drama, History, War",5044,2005-02-17,Raoul Peck,8,2018-12-30
229,tt0411008,2018-12-30,2018-12-30,,Lost,https://www.imdb.com/title/tt0411008/,tvSeries,8.3,44,2004,"Adventure, Drama, Fantasy, Mystery, Sci-Fi, Thriller",492444,2004-09-22,,7,2018-12-30
230,tt0955308,2018-12-30,2018-12-30,,Robin Hood,https://www.imdb.com/title/tt0955308/,movie,6.6,140,2010,"Action, Adventure, Drama, History",252681,2010-05-12,Ridley Scott,6,2018-12-30
231,tt2737304,2019-01-08,2019-01-08,,Bird Box,https://www.imdb.com/title/tt2737304/,movie,6.6,124,2018,"Horror, Sci-Fi",277629,2018-11-12,Susanne Bier,6,2019-01-08
232,tt0120102,2019-01-10,2019-01-10,,Seven Years in Tibet,https://www.imdb.com/title/tt0120102/,movie,7.1,136,1997,"Adventure, Biography, Drama, History, War",128632,1997-09-13,Jean-Jacques Annaud,7,2019-01-10
233,tt2361509,2019-02-21,2019-02-21,,The Intern,https://www.imdb.com/title/tt2361509/,movie,7.1,121,2015,"Comedy, Drama",219644,2015-09-15,Nancy Meyers,8,2019-02-21
234,tt7775622,2019-03-07,2019-03-07,,Free Solo,https://www.imdb.com/title/tt7775622/,movie,8.2,100,2018,"Documentary, Adventure, Sport",53920,2018-08-31,"Jimmy Chin, Elizabeth Chai Vasarhelyi",8,2019-03-07
235,tt3577624,2019-08-20,2019-08-20,,A Perfect Day,https://www.imdb.com/title/tt3577624/,movie,6.8,106,2015,"Comedy, Drama, War",20464,2015-05-17,Fernando León de Aranoa,8,2019-08-20
236,tt7366338,2019-09-09,2019-09-09,,Chernobyl,https://www.imdb.com/title/tt7366338/,tvMiniSeries,9.4,330,2019,"Drama, History, Thriller",528973,2019-05-06,,9,2020-05-20
237,tt5968274,2019-09-14,2019-09-14,,The Angel,https://www.imdb.com/title/tt5968274/,movie,6.6,114,2018,"Drama, Thriller",11849,2018-09-14,Ariel Vromen,6,2019-09-14
238,tt5952634,2019-09-22,2019-09-22,,The Spy,https://www.imdb.com/title/tt5952634/,tvMiniSeries,7.9,53,2019,"Drama, History",30579,2019-09-06,,8,2019-09-22
239,tt6294822,2019-09-26,2019-09-26,,The Post,https://www.imdb.com/title/tt6294822/,movie,7.2,116,2017,Drama,135114,2017-12-14,Steven Spielberg,7,2019-09-26
240,tt9243946,2019-10-12,2019-10-12,,El Camino: A Breaking Bad Movie,https://www.imdb.com/title/tt9243946/,movie,7.3,122,2019,"Action, Crime, Drama",181619,2019-10-07,Vince Gilligan,7,2019-10-12
241,tt3032476,2019-11-03,2019-11-03,,Better Call Saul,https://www.imdb.com/title/tt3032476/,tvSeries,8.7,46,2015,"Crime, Drama",318883,2015-02-08,,8,2020-05-11
242,tt2140479,2019-11-13,2019-11-13,,The Accountant,https://www.imdb.com/title/tt2140479/,movie,7.3,128,2016,"Action, Crime, Drama, Thriller",259242,2016-10-03,Gavin O'Connor,6,2019-11-13
243,tt9675274,2019-11-20,2019-11-20,,Cinayet Süsü,https://www.imdb.com/title/tt9675274/,movie,6.7,112,2019,"Comedy, Crime",12589,2019-10-25,Ali Atay,7,2019-11-20
244,tt4192740,2019-12-11,2019-12-11,,Limonata,https://www.imdb.com/title/tt4192740/,movie,7.4,110,2015,"Comedy, Drama",12374,2015-04-13,Ali Atay,8,2021-01-10
245,tt7832124,2020-01-11,2020-01-11,,Müslüm,https://www.imdb.com/title/tt7832124/,movie,7.7,136,2018,"Biography, Drama, Music, Romance",15394,2018-10-26,"Can Ulkay, Ketche",7,2020-01-11
246,tt7920978,2020-04-30,2020-04-30,,Sahsiyet,https://www.imdb.com/title/tt7920978/,tvMiniSeries,9.1,65,2018,"Crime, Drama, Mystery",30121,2018-03-17,,9,2020-05-23
247,tt6478318,2020-05-05,2020-05-05,,Masum,https://www.imdb.com/title/tt6478318/,tvMiniSeries,8.5,60,2017,"Crime, Drama, Mystery",15028,2017-01-27,,8,2020-05-11
248,tt5141686,2020-05-06,2020-05-06,,Jago: A Life Underwater,https://www.imdb.com/title/tt5141686/,movie,7.5,48,2015,Documentary,1230,2015-09-28,"James Reed, James Morgan",7,2020-05-06
249,tt1831164,2020-05-11,2020-05-11,,Leyla ile Mecnun,https://www.imdb.com/title/tt1831164/,tvSeries,9.1,80,2011,"Adventure, Comedy, Drama, Fantasy, Mystery, Romance",88081,2011-02-09,,7,2020-05-11
250,tt0813715,2020-05-11,2020-05-11,,Heroes,https://www.imdb.com/title/tt0813715/,tvSeries,7.5,45,2006,"Drama, Fantasy, Sci-Fi, Thriller",228400,2006-07-22,,6,2020-05-11
251,tt1827487,2020-05-11,2020-05-11,,Bir Zamanlar Anadolu'da,https://www.imdb.com/title/tt1827487/,movie,7.9,157,2011,"Crime, Drama",41675,2011-05-21,Nuri Bilge Ceylan,8,2020-05-11
252,tt11823088,2020-05-11,2020-05-11,,100 Humans,https://www.imdb.com/title/tt11823088/,tvSeries,5.7,,2020,Reality-TV,3010,2020-03-13,,5,2020-05-11
253,tt1285016,2020-05-21,2020-05-21,,The Social Network,https://www.imdb.com/title/tt1285016/,movie,7.7,120,2010,"Biography, Drama",622171,2010-09-24,David Fincher,7,2020-05-21
254,tt11232670,2020-05-23,2020-05-23,,Alef,https://www.imdb.com/title/tt11232670/,tvMiniSeries,8.1,53,2020,"Action, Crime, Drama, Mystery, Thriller",4299,2020-04-10,,7,2020-05-23
255,tt2356777,2020-05-23,2020-05-23,,True Detective,https://www.imdb.com/title/tt2356777/,tvSeries,9.0,55,2014,"Crime, Drama, Mystery, Thriller",495334,2014-01-12,,9,2020-06-22
256,tt2267998,2020-05-23,2020-05-23,,Gone Girl,https://www.imdb.com/title/tt2267998/,movie,8.1,149,2014,"Drama, Mystery, Thriller",855335,2014-09-26,David Fincher,8,2020-05-23
257,tt9317462,2020-05-24,2020-05-24,,DNA Dinners,https://www.imdb.com/title/tt9317462/,tvSeries,,,2018,Reality-TV,,2018-11-15,,6,2020-05-24
258,tt0443706,2020-05-25,2020-05-25,,Zodiac,https://www.imdb.com/title/tt0443706/,movie,7.7,157,2007,"Crime, Drama, Mystery, Thriller",462741,2007-02-28,David Fincher,8,2020-05-25
259,tt0119177,2020-05-26,2020-05-26,,Gattaca,https://www.imdb.com/title/tt0119177/,movie,7.8,106,1997,"Drama, Sci-Fi, Thriller",280116,1997-09-07,Andrew Niccol,7,2020-05-26
260,tt2136396,2020-05-31,2020-05-31,,The Incredible Dr. Pol,https://www.imdb.com/title/tt2136396/,tvSeries,8.5,44,2011,"Documentary, Reality-TV",1221,2011-10-29,,7,2021-01-10
261,tt9278408,2020-06-06,2020-06-06,,Bozkir,https://www.imdb.com/title/tt9278408/,tvSeries,8.1,50,2018,"Crime, Drama, Mystery",1914,2018-11-30,,5,2020-06-06
262,tt0258000,2020-06-09,2020-06-09,,Panic Room,https://www.imdb.com/title/tt0258000/,movie,6.8,112,2002,"Crime, Drama, Thriller",258019,2002-03-18,David Fincher,8,2020-06-09
263,tt7288984,2020-06-10,2020-06-10,,Time Machine,https://www.imdb.com/title/tt7288984/,tvMiniSeries,,,2015,Documentary,,2015-10-26,,7,2020-06-10
264,tt0119174,2020-06-10,2020-06-10,,The Game,https://www.imdb.com/title/tt0119174/,movie,7.8,129,1997,"Action, Drama, Mystery, Thriller",343693,1997-09-03,David Fincher,8,2020-06-10
265,tt1870479,2020-06-11,2020-06-11,,The Newsroom,https://www.imdb.com/title/tt1870479/,tvSeries,8.6,55,2012,Drama,104007,2012-06-24,,6,2020-06-11
266,tt1475582,2020-06-22,2020-06-22,,Sherlock,https://www.imdb.com/title/tt1475582/,tvSeries,9.1,88,2010,"Crime, Drama, Mystery, Thriller",799932,2010-07-22,,7,2020-12-29
267,tt0306414,2020-08-27,2020-08-27,,The Wire,https://www.imdb.com/title/tt0306414/,tvSeries,9.3,59,2002,"Crime, Drama, Thriller",282628,2002-06-02,,9,2020-08-27
268,tt8367814,2020-09-01,2020-09-01,,The Gentlemen,https://www.imdb.com/title/tt8367814/,movie,7.8,113,2019,"Action, Comedy, Crime",228696,2019-12-03,Guy Ritchie,8,2020-09-01
269,tt9500372,2020-09-11,2020-09-11,,Cep Herkülü: Naim Süleymanoglu,https://www.imdb.com/title/tt9500372/,movie,8.4,141,2019,"Biography, Drama, Sport",8073,2019-11-22,Ozer Feyzioglu,7,2020-09-11
270,tt0477348,2020-10-07,2020-10-07,,No Country for Old Men,https://www.imdb.com/title/tt0477348/,movie,8.1,122,2007,"Crime, Drama, Thriller",852610,2007-05-19,"Ethan Coen, Joel Coen",9,2021-01-10
271,tt1727824,2020-10-26,2020-10-26,,Bohemian Rhapsody,https://www.imdb.com/title/tt1727824/,movie,8.0,134,2018,"Biography, Drama, Music",447397,2018-10-23,Bryan Singer,8,2020-10-26
272,tt0169547,2020-11-28,2020-11-28,,American Beauty,https://www.imdb.com/title/tt0169547/,movie,8.3,122,1999,Drama,1066380,1999-09-08,Sam Mendes,8,2020-11-28
273,tt2758880,2020-12-24,2020-12-24,,Kis Uykusu,https://www.imdb.com/title/tt2758880/,movie,8.1,196,2014,Drama,46128,2014-05-16,Nuri Bilge Ceylan,8,2020-12-24
274,tt6628102,2020-12-24,2020-12-24,,Ahlat Agaci,https://www.imdb.com/title/tt6628102/,movie,8.1,188,2018,Drama,20414,2018-05-18,Nuri Bilge Ceylan,8,2020-12-24
275,tt11301642,2020-12-29,2020-12-29,,Bir Baskadir,https://www.imdb.com/title/tt11301642/,tvSeries,8.7,,2020,"Drama, Thriller",17857,2020-11-12,,8,2020-12-29
276,tt0098904,2020-12-29,2020-12-29,,Seinfeld,https://www.imdb.com/title/tt0098904/,tvSeries,8.8,22,1989,Comedy,253471,1989-07-05,,8,2020-12-29
277,tt6412452,2021-01-10,2021-01-10,,The Ballad of Buster Scruggs,https://www.imdb.com/title/tt6412452/,movie,7.3,133,2018,"Comedy, Drama, Musical, Mystery, Romance, Western",121350,2018-08-31,"Ethan Coen, Joel Coen",8,2021-01-10
278,tt0425458,2021-01-11,2021-01-11,,Six Shooter,https://www.imdb.com/title/tt0425458/,short,7.5,27,2004,"Short, Comedy, Drama",11165,2004-10-14,Martin McDonagh,7,2021-01-11
279,tt1795096,2021-01-11,2021-01-11,,Behzat Ç.: Bir Ankara Polisiyesi,https://www.imdb.com/title/tt1795096/,tvSeries,8.7,90,2010,"Crime, Drama, Mystery, Thriller",26974,2010-09-19,,7,2021-01-11
